"","glm.train11.","glm.train12","ridge.train1","ridge.train2","lasso.train1","lasso.train2","pls.train1","pls.train2","en.train"
"Accuracy",0.679683182906613,0.676459753177381,0.668355129858169,0.664763308159882,0.680512064836987,0.673604715417204,0.682077730705471,0.68134094676736,0.681248848775097
"Precision",0.550943396226415,0.54073123797306,0.616766467065868,NA,0.558924879393522,0.566666666666667,0.570464767616192,0.563649222065064,0.563250883392226
"Sensitivity",0.240659340659341,0.231593406593407,0.0282967032967033,0,0.222802197802198,0.112087912087912,0.209065934065934,0.218956043956044,0.218956043956044
"Specificity",0.901080631753948,0.900803546688833,0.99113327791632,1,0.911332779163203,0.956774729842061,0.920615128844555,0.914519257412025,0.914380714879468
"F1",0.334990439770555,0.324293133294864,0.0541108484370896,NA,0.318601453545472,0.187155963302752,0.305991154000804,0.315393747526712,0.315331355093966
"AUC",0.691602229164573,0.688289083457413,0.691080334877093,0.680243796796166,0.691656085671048,0.680385022638763,0.689942230808814,0.689942230808814,0.69226917443875
