"","glm.mod11","glm.mod12","ridge.mod1","ridge.mod2","lasso.mod1","lasso.mod2","pls.mod1","pls.mod2","en.mod"
"Accuracy",0.68201915991157,0.682756079587325,0.659543109801032,0.658069270449521,0.682756079587325,0.671702284450995,0.679071481208548,0.680176860722181,0.68349299926308
"Precision",0.585751978891821,0.58656330749354,0.5625,NA,0.594366197183099,0.606936416184971,0.587692307692308,0.587719298245614,0.598290598290598
"Sensitivity",0.239224137931034,0.244612068965517,0.0193965517241379,0,0.227370689655172,0.113146551724138,0.205818965517241,0.216594827586207,0.226293103448276
"Specificity",0.912094064949608,0.910414333706607,0.992161254199328,1,0.919372900335946,0.961926091825308,0.924972004479283,0.921052631578947,0.921052631578947
"F1",0.339709257842387,0.345247148288973,0.0375,NA,0.328916601714731,0.190735694822888,0.3048683160415,0.316535433070866,0.328381548084441
"AUC",0.684447040197706,0.683771889601112,0.684723676970305,0.677315724311696,0.68652860369927,0.677671701838051,0.683711856103024,0.683711856103024,0.684507677047534
